{
  "loss": 4.035202980041504,
  "val_loss": 4.6920342445373535,
  "epoch": 27,
  "global_step": 1904
}