{
  "loss": 2.443190813064575,
  "val_loss": 4.684229373931885,
  "epoch": 22,
  "global_step": 1564
}