{
  "loss": 3.653777599334717,
  "val_loss": 4.487962245941162,
  "epoch": 8,
  "global_step": 612
}