{
  "loss": 1.87580406665802,
  "val_loss": 4.726001739501953,
  "epoch": 455,
  "global_step": 31008
}