{
  "loss": 4.006171703338623,
  "val_loss": 6.5218281745910645,
  "epoch": 0,
  "global_step": 68
}