{
  "loss": 3.0719919204711914,
  "val_loss": 6.521059989929199,
  "epoch": 0,
  "global_step": 68
}