{
  "loss": 2.2408034801483154,
  "val_loss": 6.006192207336426,
  "epoch": 59,
  "global_step": 4080
}