{
  "loss": 2.8280913829803467,
  "val_loss": 5.505701541900635,
  "epoch": 32,
  "global_step": 2244
}