{
  "loss": 1.9666905403137207,
  "val_loss": 5.052903175354004,
  "epoch": 383,
  "global_step": 26112
}